x,y
0.4385948781454392,0.21531641007635355
-0.42245291444159977,-0.3054397379707991
-1.0124811783524803,0.04755929607530313
0.976357810476057,0.03804864058903188
-1.0161751817557696,-0.27785972213851906
0.7424323578745173,0.6096551076425304
0.6147535706297707,-0.7616905682586709
0.48005847455694906,0.20048955266194443
-0.44693304184877625,-0.2380058516435669
0.29781202430286396,-0.258558415160158
-0.36790908148229223,0.3858569021640283
0.0106139187963042,0.5003050316517971
-0.31317359948737167,-0.9813463894331593
-0.254756624152237,-0.9181718141193778
-0.5009868335179481,0.29112880649037465
0.38690383402458745,0.2888781800225138
-0.12442356083985204,-1.0124651004094822
-0.3016115764159148,0.4090074792768985
0.6450559143172513,0.8158522354777188
0.4723225221212394,0.09348020000847895
0.2978800143738265,0.9023693861652081
0.40584728514084617,-0.31334419638075023
-0.4509288221133207,0.18497859219746207
0.5320016328573506,-0.8418744138918534
0.1773644438471335,0.3747700967954724
-0.7150255492862231,-0.6617195959736185
0.20619846362880334,0.5026786030647387
-0.7903074876124216,-0.5459836657316477
-0.9276994644199217,0.0294553430626515
0.5406496795733807,0.25102059451144326
0.07263228894631096,1.006598218026436
-0.2250481834691618,0.4782645226342191
0.34090073433480955,-0.30965505806202354
0.1739322721817336,0.4166740017835029
0.487669755250353,0.8935376235500762
-0.7174858940595757,0.5393403227017188
0.0097410860942609,-0.5545149845739936
0.3360328357903326,-0.3296913878827805
-1.0289533330137395,-0.04862913284262814
-0.49641773718949517,-0.8964343165192038
-0.4355667612312217,0.20408040512216113
-0.7692234270493842,0.6792425900165341
-0.5260860138042558,-0.0007808761980520329
0.5227199025992914,-0.87372077229139
0.42571033916851736,-0.8956871632758827
-0.31797079843892034,0.33779880924002226
0.8523753549477573,-0.3861048481848185
0.7059200526615848,0.7640646575014345
0.9617421264382535,-0.05022026199540856
0.8729723431032511,-0.6700594267103792
-0.20703714113082125,0.47041282138227253
0.5892128801636775,0.9024230590421807
-0.4183862013028049,0.16837885676744027
-0.3648370353790538,-1.0068119717541644
0.4373773074330161,-0.2892349026197075
-0.2839925544766957,0.3958422323366533
0.5288744144214574,-0.078556307383882
-0.09718571556805516,-0.9423215788557157
0.2700329368409614,-0.4484804818305544
0.965856911512274,0.23165647638675813
-0.34501969829414275,-0.8782088509526026
0.6841847049449377,0.7385930683357703
0.04515435177216576,0.36324985666626525
-0.15867651416626571,0.940538232783739
-0.24390615591530332,0.46125299334392994
0.6802366777720397,-0.80109212665319
-0.5662629414588263,0.8719833022043608
0.34543346552759974,-0.3419966955105107
-0.25997864471003435,-0.39220302173237626
0.3327367242777426,0.4363662418256486
-0.08996006847748443,-0.4604577174352269
0.6007528759368908,0.16172723323434385
-0.8625603602709518,-0.5053766107721225
0.4105155563346221,-0.18958927760529976
-0.5172444935031092,-0.16825780966261514
-0.278186486796848,-0.9500629572795765
0.484443902319852,0.27271040300801613
0.02596782173289789,-1.0185784833462623
0.4339052118256097,0.09411150747732275
0.35765195893912494,-0.2780440066537264
-0.4538913788543239,-0.05715894236738206
0.8944693831516836,-0.4009416343568444
0.8988918731821471,0.4259625140468296
-0.9239768562025197,0.038902436219926693
0.5170128224814088,-0.02051781548782053
-0.16408889471889337,-1.030193966263488
-0.38557998200903987,-0.2796377724902738
-0.8852032608641058,-0.35602333699249783
-0.49204471249832166,0.08261321874716752
-1.071831152936186,-0.046000650403547144
-0.9682448415023224,0.2524301040383732
-0.3756320335793317,-0.32438042590440674
-1.0192300554692861,0.3212839673190814
0.6337361001854015,0.8639958694388532
-0.5854897789744113,0.8313394429059651
-0.3742496511563576,0.35038474122171764
-0.052955659183114435,0.5070491126518084
-0.9887353081755527,0.030754787078656753
-0.46203143905449007,-0.1874984112592033
0.9979484035559888,0.3867640481988629
-1.0644391913290294,-0.06073817637892228
0.3383044898535994,-0.3416573462786882
0.11743948883547704,-1.007235207580929
0.2884651029249673,-0.4244226111168212
0.5785248847290763,0.7650665028043825
-0.026443893104568503,-0.5246589189448151
0.477692626312573,-0.25428229912848926
0.7486796190317482,0.655723779667198
-0.5047383502137495,-0.21394220802215677
-0.03985261168638324,-0.9913904134790081
-0.001308503754259064,0.5205564016096462
0.06415752768516658,1.0475220417148596
-0.438087740496424,-0.9210875657595946
-0.02923872002001668,0.4212659487870228
0.02233026633490481,1.0194817881252318
0.5317184524294318,0.09515690196633673
-0.9564619835677626,-0.2958894611355023
0.6955569246200649,-0.688880742527343
0.15074047801791773,-0.4629885368074832
0.2334256884056686,-0.5129719554404233
0.4449964251403151,-0.09964584441902835
0.9330400325353887,0.23031012241012305
0.14039293554374155,0.33175406291907744
0.4908761026741532,0.06047549661814402
0.9965109891872219,-0.26238408666807067
0.9554450842670583,-0.21681601716388454
-0.30981099197216166,0.40819276389166437
0.3329920594080693,0.42011761705412276
0.469367376126969,-0.2656019743565613
-0.5828239290013982,0.05885938492510902
0.5015350424508223,0.10115136017117057
0.2105412596833262,-0.48873753510076606
0.18906560833219901,-0.4919674544853098
-0.5324454435254521,-0.018081907236747116
-0.8114901653835057,0.5313033601763998
-0.09988413191035259,-0.48623712019885945
0.23055390908999157,0.4251819823039664
0.7967116565096878,0.5316284100842464
0.6805973445783662,0.7667971003622708
-0.8887917382116516,-0.5522480577054056
-0.42016870792473315,0.8404894245407414
0.35052148838618,0.41169538324946564
0.029926581149253836,-0.47380486731737986
0.3736922953282136,-0.06732627182864104
0.7598705532181805,-0.7555477578832372
0.39863426016473535,0.1834298418060344
-1.0251435353464255,0.2387895948808083
-0.8983589260448694,0.3635841988227058
0.4555682862491292,0.30373940410353617
0.4807669716659023,0.005220307648614732
0.15891639503790056,0.4497980168750752
-0.5220930016165823,0.11736203774961257
-0.4888047933548469,-0.906706299030728
-0.29979494968011083,-0.3232991916655866
1.0185780316843998,-0.2446923963506759
-0.5734673713319292,-0.8375146872229857
-0.24733169103584474,-0.51993790548592
0.5630337668032417,-0.11912860068661965
0.4243733826089147,-0.2978049664710981
0.47591611539000045,-0.19791369332845127
-0.49971392946656684,0.052084642570726244
-0.3961851872864891,-0.18031301923879703
0.42523216184852675,0.29216905666434995
0.940293143283172,-0.25844138337689976
0.015283667774843697,-0.9268999621988073
1.0232518654027725,0.050985021433158695
-0.27449733114777086,0.34373197697257957
0.9731802370779618,0.08307132467145015
0.18039179188761575,-1.0019924265786075
-0.26200798800047836,-0.4638770342312859
-0.4823473417134451,-0.09256483903418056
0.34894078145025725,-0.3381236028531386
-0.027366508227005856,-0.5209542681755378
-0.16082737389314172,0.47680471387566
0.47158938964518704,0.11705295539017366
-0.6758894887324715,-0.815814597043585
-0.4281505410121869,-0.866473162590779
0.6885609977625923,-0.811017010236072
-0.15947171419641296,-0.5223199541113209
0.18333948786503385,0.5376217693577293
-0.9697158359343128,-0.6240313811459676
0.10177695286042196,-0.4559333883964794
-0.5213225992950142,0.12629412861681671
0.48771976103886977,0.09513774518767228
1.028189206899684,0.16312114430898214
-0.25835032500890676,-0.38127087536577065
0.31512251769577065,0.3766092030057692
-0.5012211610927552,0.007172990255390634
-0.551442381497532,-0.06142979863788784
-0.04209100290263,-0.5199588234341307
-0.4972004549199824,0.3046751701647961
-0.3616597010562159,-0.4013027537461362
-0.8954578670899811,0.45937812615683227
-0.9830850065368117,-0.15093046822780987
-0.4199546418366508,-0.30333160126596237
-0.37097713170149166,0.3479213757962969
0.5670852352164708,-0.03524750777604156
-0.029794483791392063,0.5118540414932033
-0.1195069733054926,-1.0819946415411863
-0.40748916801860136,0.3123800907760255
-0.4546719302402316,-0.13813428903450034
-0.9865780695089351,0.09443766406876998
-0.9482104657540805,-0.1984366828183343
-0.40133664927835827,0.29253461255091145
0.3480403268003103,-0.4358190050440022
-0.37489282292510656,-0.2883820959185198
0.5166442311527057,0.910247653296928
0.36560536165049007,-0.1064467887326311
-0.8764304152437963,-0.5389410643281546
0.23301696742563976,0.9391389795806424
0.5869725613078758,-0.7220391714553788
0.4395629309414032,0.8981887478536912
0.4048809904564294,0.23996480012662594
0.07475067862739082,0.5300253825787032
0.22145405766337103,1.0301360586509516
-0.115913185529002,-0.4354676115627158
0.8505411900802176,-0.5104153340742273
0.9805496324837002,-0.2845485152339921
-0.017579433061098073,0.43053121507836584
0.5013902007936883,-0.02230485045996959
0.4328296989199492,-0.40984116810617816
0.11915124503799103,0.9369744509391974
-0.8106695485316644,-0.7211350077625179
1.0269929144735477,0.16312403095950284
0.6591378523219831,0.7280300906909188
0.9917943599261118,-0.22725955864718647
0.5966310493827598,-0.055781546617136135
-0.5416435275052974,0.15126970473562457
-0.23928793175146537,-0.3563408702127648
-0.0490131364592026,1.0251798186513494
0.2687303532334294,-0.45201552644849075
-0.5590064938394486,-0.812421460416266
0.746164659299053,0.5966218391969075
0.32127240761468534,0.3028647629567979
-0.1799122436015416,-0.5592748321162648
0.8116351711087775,0.6654393596509786
-1.0706952572012274,0.008497027405254466
-0.38388715397370404,0.9811191574369984
0.011696968640128029,0.9491707634698234
0.0002711896551680984,0.5353875954725499
-0.37943361428833716,1.002197467384569
0.20102234203139946,0.35826233368427823
0.39750554917997966,-0.37917615581413344
0.4176299878318097,-0.1708733483922329
-0.8623005992050379,0.5397378928206538
0.3686947273895628,-0.30661965484396053
0.21149275291680356,-0.4430859805441235
-0.18934564385789354,0.42927098167775685
-0.020609437689026906,-1.013490872768656
0.2169546677270607,-0.5446124319846112
0.33836027072034025,0.3804407983470941
-0.9573888882394915,-0.15377362164349795
-0.20406214895940553,-0.9898475308487134
-0.5602067041462906,-0.07116834630587379
0.638729526293176,-0.8134515957277466
-0.43894524577782457,-0.36743619240176933
-0.13708843491340789,0.43217313826221126
-0.91124297732389,0.43363481597101666
-0.19053821024719006,0.9891005236602212
0.05265513770954565,0.4086501543490503
0.1521248842339116,-0.45259540609497845
0.8869982042397698,-0.34843150022905856
0.21126787673023578,1.1072410674072573
-0.5398177555458881,0.8086015414470955
0.24090042432002598,-1.0447239226391647
-0.15405505000080197,0.49480439497599943
-0.07886453295865908,-1.033311888415248
-0.5366042966379916,0.16402224254477688
-0.12438312469908017,-0.5724510630240238
0.4789442575420299,0.0011347436887800717
0.5308750335751964,0.056924691066444086
-0.3874527296778848,0.3778701763382724
0.138796642399453,1.0003048057375854
-0.3953651192173304,0.2824734876244454
-0.27857942513776107,0.980006050649717
0.31458435252560785,0.3667616914281681
0.03697480200187278,-0.5528999983013536
-0.15050820804268386,-0.47684280434043674
-0.44200356786628997,0.06434928511951339
-0.09788836021771959,1.018172847751209
0.5365563750660974,0.0333067926207697
-0.019800026529083206,-0.9049318470769745
0.9533092790279982,-0.25609130171240474
-0.174832199181862,-0.3721299876654075
-0.7243060745381743,0.689885647063596
-0.8200205670011939,-0.6686235907263713
0.2500170286195811,-0.39223204474283335
0.42421893539484007,0.2153467192479245
0.2994850014298569,0.9846884423060991
-0.9055002350414081,-0.27777369518527784
-1.0020553017369,0.018823768119375122
-0.6654143796028587,-0.1145302210098449
-0.21972942996444667,0.9075655747950936
0.41080491888045895,0.9487920465852309
-0.8434198113021569,-0.6478820205716225
-0.7886636580626715,0.6789327222149302
-0.08939440066910434,-0.3749565761238316
0.1773124851781782,1.0685569058238338
-0.7370546783455533,0.5137832393997402
0.3606938965717181,0.861770124397217
-0.39501560103004324,0.29336340326757243
-0.4202602654790536,0.28146645881257526
-0.005985236268935006,0.4832547913388696
0.35436092716269363,0.41723724841248144
-0.4095857184778327,-0.9708692754659262
0.4013356934616731,-1.0146641164557122
-0.33285190407837784,-0.940544051628252
-0.06895222818843642,-0.49099115909261754
-0.38875975694124065,1.0204591463538555
0.7265765047306655,-0.6654570001049263
-0.8072495677819862,0.6421159606167592
0.925981247724942,-0.41134429320510807
0.6979520373245444,-0.6029641399486484
0.9438736232479785,-0.15111623032598845
-0.9811430516138989,-0.2981792020143334
-0.8282013104155798,-0.5529109172284229
0.9673490684914935,-0.25490411224563153
0.42855886203917337,0.29926889667419004
-0.5395320943139189,0.0469427090681017
-1.0037764901172275,-0.13114127166416814
0.877983231672599,0.48144200417890526
0.4392737820598641,0.8442473330788557
-0.27449307764632924,0.3947929926482612
0.7148386190168564,0.6757406921693763
-0.9196121589705574,0.36346935424260096
0.8776035423881969,0.4094119650739778
0.5206036215541466,-0.8240090811191758
0.41549981036286354,-0.290474898397411
0.26893529049430126,-0.45376162492991917
0.8767518351524838,0.48979131604769865
0.09192196385381357,-0.5438373681348375
-0.669283371971859,0.740699027433882
-0.9233433121333677,0.41488447334062817
-0.43642265546161263,-0.03652655730065794
-0.3262538964727325,1.019508549828412
0.018408723948159324,-1.0526032033980683
-0.24564400219840068,0.9733344186188974
-0.18960346087762256,0.9790100921781227
0.29639127138201043,-0.978904984963248
-0.024072636769838326,-0.9558186513141472
0.403232655238859,0.8386312267026039
-0.3494943806541159,-0.9043353587881304
0.8449878021045607,-0.4532555288138061
-0.24059839107732023,0.39179065330461427
0.25705298259156845,0.9392018651481779
0.6352499256479742,-0.909340369284164
0.028027860477829437,1.0992421686024325
-0.47125423986802834,0.07684724851781222
0.25322818562823696,-0.47986061835734034
0.4638568742748833,0.009489118559399799
-0.4962405713521401,-0.8526888856373633
0.4824750561816945,0.9788725398217828
-0.3819446793649029,0.36900679625977656
0.46079347146767236,0.2183010258183776
0.27589999919405606,0.42508294325226026
-0.07232522382021755,0.5456342654740901
0.3471702445381809,0.30042996426551777
0.790135880039837,-0.7107613665325918
-0.5131993500241012,0.19992124723212057
-0.46825066783109437,0.7698611570350031
-0.9856345684035505,0.29062227144068026
0.45774509806220565,-0.8674541146704957
0.5055710880813069,-0.8440932067026704
0.025240666089311307,0.899047898679879
0.2045344999884003,0.5099523749842533
-0.06380744781180596,-0.48920041365927647
-1.0024304658165026,0.3253678924352197
-0.484005307297402,-0.1420387400085931
0.3642216568371064,-0.9727942702946696
0.6201593367285375,0.8105998559876456
-0.7340145947629382,0.6422609361310142
-0.9654909035263171,-0.18173509334096669
0.04145841323230082,0.5005831610232356
0.923051384170384,-0.29584099589454205
0.8594961051381033,-0.3649957190192692
0.5565868162031875,-0.6667836101565286
0.4833402410803641,-0.06310789175181979
0.4959363378662574,0.059269529550168704
0.6534962165920881,0.7659809713429819
0.5865600352612381,0.02794088745982557
-0.3412200172207907,-0.4192498031626001
0.35868976306726985,-0.9227772665142053
0.8385375574073018,0.3806336130339418
0.8891264566583181,0.5633136082858714
0.7809073844276189,-0.5516998225709959
0.932432245824567,-0.11256218684135316
0.34207664951827477,0.43497118935559387
0.02922534638808033,-0.4756730349205787
-0.6512801200930112,0.6963532379575251
0.9458159819032662,-0.2822076882868157
-0.9495546770262775,-0.2827421453238903
-0.5172048901763703,-0.8573349310534019
-0.21363744959849118,0.36508434439827037
-0.6995013701280395,-0.7285320465918532
-0.4011754145151296,-0.2961901558536684
-0.4125555257768991,-0.2699697168094618
-0.8884599508554227,-0.19082648028688096
0.17306310724423737,0.47745099112627204
-0.34586614491832823,-0.3637209464612076
1.0084852324164344,-0.3178625785401992
0.43174325481837583,-0.32038752649208113
0.20491351351434783,0.5003245776126368
-0.6655512763465801,0.6766135287934227
0.45328162492136864,0.15559763284940709
0.7780035516098349,-0.5872106172375393
-0.8165132970907414,0.5882511006908301
-0.38761460300500694,-0.2568798863269095
0.8226654557706266,-0.39096798633382107
-0.8031962740924048,0.5906214592694148
-0.919311594628117,0.3468847074070646
0.28631889247015685,-0.4681464060630236
0.8403058158944144,0.4769400418216014
0.7677760200028798,-0.7436638097017683
-0.3545409695693474,-0.34669951998060156
-0.01489169106511419,1.0130383100128029
0.22074665461787157,0.40887503311806245
0.43551057907737306,-0.8847388881165731
-0.39257280955806695,0.1911909000736823
-0.5690487455039667,0.020631496618866506
-0.5130829497471744,-0.002190515854740723
-0.8980711406314261,-0.3969797264625875
-0.32151018728418707,0.35522522378755716
1.005252668161827,0.189070206137188
-0.21959476475827153,-1.0039925395860907
-1.0458494222008987,-0.07605634891890635
-0.22144076902517143,0.38088455645219116
-0.9181133690197177,0.3981406847191115
0.23492587195675757,0.48479184489556076
0.9230369984189731,0.39108044461664115
-0.4950696102596082,-0.07930448472147736
-0.2944311353652133,-0.42875457329143124
0.8203479376586362,0.5392625090932509
-0.9700938475234843,0.545308081799114
0.29247581402628325,-0.44363409386974245
-0.7130827832168847,-0.721364701824654
-0.8169731581487193,0.5373022613615848
0.5396069537401984,0.20876544035769606
1.0211576080980074,-0.0259123437231545
1.018280397635558,-0.05502490621532064
-0.42535747697319143,-0.9385975016352054
-0.426108637669634,-0.3258389346256655
0.4484814178476531,-0.24765233707127038
0.8327155396322561,-0.5905549249493661
-0.7688632585738582,0.6551715222998401
0.16132776547948616,0.5057760766747653
-0.37351384288774486,-0.29448917998958835
-0.08783544806598834,-0.4500480263585893
0.38033113619805475,0.8731425570409042
0.7734087374603273,-0.6010193649038014
-0.20930340473152598,-0.42009871576021424
-0.5347720416031629,0.025900055365617947
0.025718007349666866,0.5144422107935867
0.04460612560883055,0.5552643016265659
-0.484057006997342,-0.23703375516627856
-0.12408663214607125,0.5021298394458807
-0.41962635547702554,-0.2087482097683209
-0.25374910769003356,0.9971762633623453
-0.3119878502449624,-0.9510112715820735
-0.832998029572444,-0.600363775698116
0.04704177524012136,-0.4427725838618126
0.4268419664377654,0.16842829426457573
-0.8941787433836876,-0.32529192830399634
0.5038521512087389,-0.05910242854326794
0.2267932274140451,-1.023248135179734
0.18609563832506498,-0.8895749400564243
-0.7844798083871483,-0.6472404717214763
0.8623698471274478,0.4762680504123375
-0.4179487985790726,0.005806275730276145
-0.16255193184218672,0.42419403348690154
0.10997920598133763,-0.9933311941923332
0.8189669740141419,-0.6341555486253275
0.39936493209873386,-1.013981876375619
-0.2690933493243335,0.9746465827265047
-0.04206694001864766,-0.4702043304224638
-0.33985532523881956,0.35376607578616637
0.11923670545972613,0.4817643746266874
0.3985616777329666,-0.27702435220042887
0.40486096706973296,0.3229132034795367
-0.4000108878860903,0.8796636391736461
1.042280721777422,-0.08765374964201957
-0.18606003569411925,0.5461612396252693
0.37737484877502914,-0.33891117862310777
-1.012194775337257,0.19143203219631577
0.35495245450455387,0.9534072540016781
-0.3724406756671229,-0.9550639141779589
0.8258790001870928,0.4604661322638672
0.20524943204848717,0.3490088839614373
0.4975831338871763,-0.01042726475923655
0.9329104845256844,-0.3892047609238187
-0.49792120959191816,-0.23454170052177872
-0.7125201777772276,-0.5737913057674733
0.22278189570718254,-0.9443615258642577
-0.03024625840263086,-0.5026675138470557
-0.9794162793168797,-0.04008217832299065
0.46873996006100765,0.1460455743789702
0.4418538824594322,0.1408029410799236
0.5743734863501442,0.9028227865114319
0.9342735145653682,-0.22311098418876552
0.48442564437951935,-0.7809433292482485
0.8036887181980643,0.4695640624826673
0.06696361561637913,1.065921053024598
-0.3689285846083717,-0.8234026056309114
0.020511866358639684,-1.000848897902617
0.9296798435429694,0.2823043878554192
-0.8358532322008039,-0.5111625601050366
0.3390428635769505,0.39773979027445894
-0.20598162983637405,-0.5057135550178591
0.8897502285153883,-0.4375317266903215
-0.3035533223815057,0.9277910358886523
0.06619998900346001,-0.4929581586958043
-0.9975136823984273,-0.09475143111227104
-0.5841503456593768,-0.8342652866816005
-0.9736058063304147,0.051478057641796506
-0.5103633917884118,-0.8482281105217644
-0.6034366354409532,-0.8197526174668813
-0.15733989254454073,-1.044622233583167
-0.972379270314937,-0.4633044873360445
0.7981445017543021,0.5042146740189597
-0.2791128796470936,-0.9606483272882345
0.913461046500197,-0.3311167879983044
-0.012391120050745205,-0.9620864448948111
0.8989154677863436,-0.48893400927705644
-0.0673053058542492,0.9032923670979043
-0.7088170044001775,-0.7461772506008904
0.4754464619516855,0.31308382823903685
0.040744871136722725,-0.9772697996988239
-0.9321352160211832,0.4438892620893291
0.44633586804238173,0.9254568726294513
-0.12022762725584869,-1.0527235110743847
-0.272400752960615,-0.4017295080985971
0.3826284105586968,0.34794155736859167
0.34932261621904903,0.25149937413738377
-0.3976530316012225,-0.4314024297478818
-0.09176684603125061,-0.41731511348519956
0.40603681664583485,0.41187341991416865
0.4224365886448302,-0.9058672538692094
-0.3040317682023128,-0.4224197243914019
-0.12655827152083043,-0.856105412350398
-0.2410589183637611,-0.46941156987090416
0.8993584694715726,-0.5240989559493184
-0.8238205382415055,-0.45466260242327367
0.14696250286707016,0.4933964972936504
0.0038008218104210317,-0.4364624232696845
-0.1345496405240664,-0.5697152839549982
-0.4101688063474017,0.16487617887806863
0.4528035347009366,0.8753307043336003
-0.2833037680759644,0.49632641824181445
-0.9020103856318722,-0.4990927036474497
-0.4834128961719782,0.15590845703439726
0.8514542563692811,-0.5916571887668287
-0.20678820058103725,0.37542079764202174
0.6645889947713578,-0.8660977851815513
-0.05764618482353284,0.5234787906676409
0.5322236564560742,-0.0444818051385707
0.5843652905150489,-0.799054883087548
-0.3917589619716471,0.31840380720750444
0.5229464344399168,-0.18522921346421847
-0.22203483368366142,-0.4324017180390559
-0.3757004307705994,0.3284530517626709
0.06759592800751639,-0.5017763177629349
-0.6331527221071459,0.655666795428073
0.558866187289522,-0.7495615081135638
0.25087404759683574,-0.5275020721305893
-0.9789605001998224,-0.05211105464912273
0.22938414388127626,0.4935587700949121
0.14117483891447058,0.4736753297844978
-0.06172808789749133,0.5277695826207585
0.5021234980225814,-0.06888745750978663
-0.5236857721471916,-0.7921141171061691
-0.9911759882272557,-0.08236334026338701
0.27282413217632834,-0.4433998717152497
0.5226029075837815,-0.8235306182222051
1.0101948718806335,-0.050103460348067085
0.3502951308808218,-0.3260205564192928
0.21395777824936657,-0.4205011249888532
-0.6778343241956784,-0.9468258065453322
0.9038638683196932,-0.4812755855519222
-0.2119041274140035,0.371379840939211
0.9885082896776785,-0.05567312674063832
-0.19432444984782538,0.5183286101616945
0.16643875658901186,-1.0892967456856506
-0.17489721415259626,1.0299986655562032
0.037088865470359306,0.5028187373257742
-0.4394030314355127,-0.41584083898927826
0.369952972294339,-0.30259108517987515
-0.8715346735238398,-0.40096077421614823
0.16135151464686942,-0.44613142427592917
0.40111734918009073,-0.7916307491748898
-0.8086046963312706,-0.46138921681487827
0.9038322053840283,-0.5416646500358675
0.964575581692672,0.13185832873882888
-0.36675689369875936,0.3198686457866065
-0.22571268001766487,0.4895699292905443
-0.4602663731278478,0.8184127926205269
0.23967062334159125,0.36794163364348903
0.44855558017330344,-0.13397183274796906
0.24572483253002958,-0.5365180442731359
-0.3027918320331645,-0.5167321988785893
0.23011598129774358,-0.4703374992525228
-0.09451410560700682,0.9684180517034202
0.4927392422644715,-0.9051535634530267
-0.017045819404208573,0.936451985887782
0.44083950533755745,-0.28064023942758193
0.5416436686810322,0.8376281503104309
-0.4994827647366223,-0.09064921901102628
-0.38109622889024775,-0.4132613410700944
-0.19574720956336206,0.9411247126643417
0.4664849840700819,-0.1927111931770171
0.25347255831432514,0.9297703044509403
-0.28989420341912964,0.34231418389953183
-0.08440796285434461,-0.4659330135596096
-0.36836565600818144,0.28200247174061727
0.4532165618549517,-0.1759279265724263
0.7970257378383766,0.5885619076888887
0.3607538322668783,-0.34093110463716336
-0.40783566592392867,0.7937535649869587
0.5881663960372538,-0.03382612271797904
-0.3194911962683374,-0.4111665335051238
0.017674618828648,-0.90931748200282
-0.7065539637102127,-0.7553717804177664
0.403050526714031,-0.3947398817786895
-0.4547814279743939,-0.13031253200779933
0.018547723954435803,-1.0696360297914722
-0.33402294186196496,-0.16003501527791836
-0.5536362668472888,0.8402257850681868
-0.9173803833077521,0.06685560398977942
-1.0202786377046087,0.19235624603215787
-0.2899501643435206,0.9911245774231175
-0.23576477972312482,-0.3877492012214504
-0.47734045014855714,0.11873671357839916
0.06746652229516682,-1.039573642577796
0.4954910881388319,0.311223366051274
0.19324683360054953,0.4879548664084993
-0.14286842899580188,0.47596458505165185
0.2806788345932608,0.46623393078139863
0.5463508418416443,0.21694859596998514
-0.1255232821218095,0.5334892236149607
0.3846388342472214,0.2695225625098687
-0.7146548093694525,0.7015774196303399
-0.48545866062054227,0.13980168119544892
0.5678541132866674,0.037561381885830455
-0.7993467822575938,-0.74888389773681
0.02089083509839927,0.4714976718174316
-0.35447738089794456,0.28528113919651393
-0.9484745551765423,-0.4438191412777563
-0.3938139383371659,-0.22366614645768482
0.42582858591606443,0.3351567448378166
-0.5475330829138598,-0.10791816404829371
0.23325821436335586,-0.9373214010844747
0.8383516045877019,-0.46496926468106176
-0.5133351819094587,-0.8782348642124345
-0.4751947900289675,0.8163807644596993
-0.6170159988451954,-0.7670655785902538
0.2905408655687037,0.4045483981969902
-0.5014296496756366,0.081195633114322
-0.14825801286817983,-0.5095623693264099
0.9031423416200053,-0.3869600113055871
0.8586415765538985,-0.5575088766651798
0.23395963291830618,-0.3777807748281897
-0.5750684937831653,0.8170893763533571
-0.49465874034923796,-0.18360818690720507
0.8483610932709176,-0.28486341302827134
-0.5087013447751092,0.17561721922541693
-0.28991102918216116,-0.33349261791451046
-0.9887907932316092,-0.2888522829528518
0.031477198293033276,0.5048365749518703
-0.3073032886123047,-0.3573830225865069
-0.5346631814810988,-0.03643288559038406
-0.2221587494937526,-0.39904352707694724
-0.6561367791331374,0.6794222491469013
-0.09024710670480882,0.8772322354214793
-0.15849425447513668,-1.0663707095713424
0.4366959878970622,-0.163602907964633
-0.3348746838937525,-0.33743967694322974
0.41793948831752364,0.33332731252184583
0.8396298276034612,-0.5249138110012562
-0.4789699604635863,-0.2800292878255522
0.9471274707769143,0.25046461158785716
0.6171683670587299,-0.7514501995659122
0.839231111159632,0.6737643516041385
-0.5008578827228795,-0.2447206653323527
-0.5016377611686044,0.011812172414650587
0.40493656536330225,0.31302420692939903
-0.06292958115684148,-0.5488593418960419
-0.3217783398169628,-0.9527976569772402
-0.20848699889587344,-0.45088775300949
-0.4352674468067639,-0.26457795886706864
0.5187782785660584,0.14566164422245426
-0.7655917191098343,-0.8176435655922036
-0.36430906380900274,0.22441220084060287
-0.553062821103775,-0.8187114875043755
-0.01423380725310505,-0.46719419575827764
1.0158376835763425,-0.0625566921966418
0.6193111119255926,0.7176075717647437
0.8171327962105164,-0.6323535997296267
0.9276377063431567,0.20775872931963407
-0.3115999963727436,-0.4105057547173825
-0.9544156837764887,0.32365049911091237
-0.8316255196236622,0.5365733754394391
0.9831384939369594,-0.1582400324494437
0.4035497334840568,1.0285982018017719
-0.4698515994708871,0.2712051212851083
-0.3226516182732456,0.3957275337289988
0.7317029974461977,-0.7190231837458314
-0.006370917179577933,0.45466158274184854
-0.8439377364628156,-0.7245693412169487
0.37561680644815154,0.2846053931021467
-0.9192593093076408,-0.3152130528659894
-0.5583167487966287,-0.7949054626224566
-0.9078356227623758,-0.0015050675058027735
-0.43978699290033785,0.29322546225496104
0.4454203003597043,0.10440409842903411
-0.7736077647953141,-0.7699297652799524
0.21813489588927218,-0.3621127263389664
-0.4051943190263968,-0.2441671935903647
0.4651214135237389,0.24489485402950575
0.48392369817644754,0.007964307874995635
0.8046519314589623,-0.6044853833576306
-0.10099998990392703,0.49494713211680025
0.469547443164551,-0.1490015432163831
-0.5673945588296101,0.8407429864724268
0.7835795844916353,0.5931678002675387
0.2813345994419769,0.3745189054094171
-0.19039773820888767,-0.42686974265503186
-0.15522023342579494,0.9307475248569714
0.4015233355767355,0.31525320122244127
-0.9970046228372131,-0.4066426130494599
0.37724266271334184,-1.0016424732577467
-0.8604740120947649,-0.680763716787601
0.4890114978228177,0.09035061505213567
-0.17216599526711554,-1.0516041031623595
-0.049436521485868384,0.9636494713667088
0.42113943698336637,-0.8934712849919829
0.46725268907063994,-0.8521054450010459
0.9958794356081606,-0.026665008163103517
-0.3335632508374975,0.43244006367516086
-0.7923424540776584,0.5114346730303445
-0.3904674729251634,0.11311951755746184
0.7501697684619124,0.704567522932179
0.5291302353642728,0.8356038929187956
-0.6460867733494448,0.7452122367914256
0.17540201229861674,0.9388905764458972
-0.7784591333112,0.6147559565415712
-0.1809904920332194,0.49616295006384725
0.6904138506854828,-0.7467178718610252
-0.10819575990698048,0.42700705306285175
0.5303490751085584,-0.8375117933965569
0.4749313442149714,-0.16251538405729093
0.7820763892633028,0.579806276995157
-0.542194585136907,0.8188109421288661
0.6132800107944942,-0.806652049061148
-0.05249766884980536,0.47246628726365625
0.5371372555490609,0.07856581914564854
-0.22258811591436173,0.47153447010249894
-0.44526324254592686,0.022790482592919194
-0.810135367857862,0.5556647841692738
0.5155967369000771,0.16769620366097002
-0.4809871379107183,-0.12973440528640384
0.8620019966734711,0.5050885800206099
-0.47148226968800205,0.2702312348643159
-0.40702210943397504,0.9364600365240655
-0.99170471741395,-0.26004654839635644
0.42480181130336064,0.24318637445329638
0.29170679485110496,-0.954544603181039
0.9334117042846527,0.2828907336816474
-0.23084694800391484,-0.4635928172811967
0.9699841787942978,-0.17834275602280472
-0.8496669305623781,0.4211040886930187
0.42265490775035597,0.138049210716247
0.961147033558216,0.2997455364869476
-1.0017719202139312,-0.06706186716620746
-0.80298383558924,0.6393463169834602
0.17313365118213464,0.4908593299769626
-0.242900855750966,0.48333583254075363
-0.439398894529652,0.24975679390420955
0.5011833524565978,-0.09279316424676781
-0.5625835197133727,0.03134574152163677
0.2891584604799865,-0.38663956259161525
0.9722196107590216,-0.13171922016889254
0.7898731282725712,-0.5911481893309911
0.4802403405901658,0.015764123390733555
0.04408841166169545,0.4850838760507195
0.04435274518533075,0.5119286927330219
-0.3599940349381719,0.4399221833901357
0.9376735588662862,0.06114616701461936
0.918463572026096,0.4389086555561307
-0.7339129368952849,-0.7206608019559982
-0.3542569723827209,-0.22551642718798015
0.8397832228291718,0.48884762576890867
0.09835180411545325,0.5125676935061794
-0.37339987882403936,0.3563780723774708
-0.9400905840197868,-0.3552881241272765
0.2753419260830353,0.8559150520339247
0.16586731144029945,-0.36959515852485186
0.27441657185250634,0.44921541306753593
-0.11520941996988832,0.4463615294581743
0.3714150277478212,-0.2471119958807408
-1.0065151448374847,0.08043296157795979
0.3083186713110689,-0.43898675704997264
0.4527835004342963,-0.20346746356937215
-0.39831194435426864,-0.8471208986589889
-0.9912642800503233,-0.2677508189969499
0.3766507508457214,-0.9276333125061781
-0.5252076165476695,-0.24194937313853995
0.36226599496831974,0.9736033637818694
0.03450708709053192,0.4619343063292198
-0.17584333640789565,0.4007523580858451
-0.11752335028830423,-0.3933825591780544
-0.3050340174386811,0.3942242326340624
-0.021391480838024876,-0.995529136735894
0.11352697786585023,0.5252628643624556
-0.3845706087667868,0.15228439525722348
-0.38275932688766673,0.8378000588736569
-0.7939258001565629,0.693897443762648
0.20014024617970505,0.3353736801103873
0.46377107059106903,0.044034119074437605
0.3310124374903363,-0.9807926460239375
1.0596295087354892,0.08855131252881761
0.5347732245872115,0.796016177608025
0.5639840270519767,0.6145509421572505
-0.9394945300217209,-0.35751342311951334
0.31071733292923703,0.3645767004426242
0.618678648482203,0.7592759361597948
-0.08417198379054894,0.4825316390861056
-0.1519357364910192,0.4939778590173738
-0.6024457865120533,0.7680479788484732
-1.0362368308394914,-0.15913364854594525
0.07676836407127233,-0.5718066422123322
0.24286420364188377,0.5905492210200306
-0.6782909764488255,-0.6840836357836596
-0.6925773952372019,0.7283011508799969
-0.5132272988137475,-0.14973975428758232
0.4678688465843948,0.9038592421063123
-0.9297674038352116,-0.28783003804649393
0.30932492595366395,-0.3618980396573987
-0.27140753371939685,-0.4080829674750505
0.9473467828861861,-0.004304773019691843
0.918006964859726,-0.2730568906111832
1.0590876100196294,-0.06220487836066915
-0.28859749532874523,0.9379654720794895
0.5029948022140578,-0.06698502236330843
0.37983144094445803,-0.3392377589638657
-0.17918459007072624,-0.408473364694998
-0.36285347633152076,0.9411766168744828
0.37438158167789964,0.35984342244197703
-0.054136141175148034,1.022178069753922
-0.41147355461057783,0.24405210286563128
-0.42013091794370055,0.28089729141731234
-0.9623430219209235,0.0962476715907988
-0.16436378555329015,-0.5354721031095266
0.5349344159939456,-0.06258518463460418
0.42691144356058325,-0.9308858494372891
0.050313344491367325,-0.6389226792731391
-0.9497853240545442,0.24095927109377344
-0.34108832800899735,-0.9105442687674791
-0.3950633803546197,-0.3634928561040693
0.4415777885306383,-0.3151773375245242
-0.02068947315003706,0.9921929271678832
0.9300411576941989,-0.5976630165002101
-0.07613872092927247,0.47473820330356936
-0.1079287472970022,-0.5866970933005337
-0.4426713422530625,0.119768452828051
0.42396909984756914,0.2508510258752966
-0.8327378805470971,0.43275854117350404
-0.22939463870611748,-0.9361916735330054
-0.3937001312651022,-0.2286906626333115
-0.2323637818104206,0.435155193616472
0.19022776121054594,-1.0183412007688237
-0.1194102402282647,-0.478829822305371
-0.14920195347814305,0.3926896311959685
0.12288939320721097,-1.0689402598290567
0.4950774152592858,-0.19892404497819852
0.18477018788895638,0.9918720302767999
-0.8447529152654559,-0.5477076363407241
-0.18485814636335648,0.4288987403970014
-0.21355145141218942,-0.46833517967905686
0.44069639763861157,-0.0772237614554273
0.29917342103099004,-0.45943514676797753
0.7827304179913548,0.5866834328098898
1.0020995579499035,0.42458870638248447
0.26365597896043863,0.9377602005619899
-0.7756274718548397,0.5608437343463494
0.1345776775482592,-0.4832103153889926
-0.23078004164231966,0.46513777758841895
-0.47101266907386147,-0.30413343974330465
0.10175482346144374,0.5243722512405903
-0.07792767173172709,-1.0383600193119336
0.16429534864712203,-0.9996770326370642
0.2587586309047486,-0.46088089775891306
-0.3734543226173535,0.8593365052127137
0.3794559359269994,0.2752236577136767
-0.3505962467601204,0.4717854199931001
-0.4414743464757118,-0.8445076747429316
1.0142365402184943,0.17166315729846007
-0.05172188247200485,1.0001144356413636
-0.038132150199060355,-0.4389973859053879
0.243662659694616,0.3508281621327982
0.923097525890242,0.2936418016622775
0.22593284448030732,-0.5123033271067465
0.9264472275275039,-0.3548601637442066
0.7658754606228347,0.6993309033678738
0.12828400763570919,1.0074934298318474
0.36474752290691936,0.3413104369002106
0.19380424723582027,0.42623635006318566
-0.8214800718691413,-0.6803915397396505
0.5091581246771082,0.004108848599820476
-0.5681169996700766,0.8792298510509717
-0.19885016895390778,0.9992270865964065
0.8966566045703834,0.38715787723302975
0.8480546517900207,0.6879755728575804
-0.45501946611670674,0.04433225328276233
-0.18291863164365887,0.46510197312310825
-0.9573243654863274,0.42589713877517665
0.18518024403413588,0.5073400804810951
-0.1865276008729561,0.934861662225688
0.28166949926239826,-0.929772533415518
0.13766433278644344,-0.5233417223854376
0.15642782719836548,-0.3778136111942165
-0.5934072485032705,-0.043121453539647
0.12593294172272906,0.436816533446176
-0.060213902068882025,-1.0195051688906958
0.18892062971636317,-0.48721276217889536
-0.9890467006176478,0.22089454703056466
-0.0651469941441376,0.4781577712310962
0.34744382579997424,0.30484779811686524
0.13751306894866122,-1.0276691446490813
0.041504417405191577,0.4344368311183074
0.4819569899697008,-0.010548106248777691
0.4217200675544907,0.7300899481775016
-0.495092956344353,0.17923960010083712
0.33555203294142233,0.35634728545795147
-0.5628053995693131,0.8293421042232844
-0.7718441125261231,0.7556808511715306
-0.5391364468291377,-0.0335812369159606
-1.0405804608530802,0.18183763452306287
0.43098020736037745,0.3141223077726658
0.18803975647142088,-0.903794602392392
-0.25077321813222936,-0.9498534140574351
0.05964125207768922,-0.45828571951808006
0.38357013710704996,-0.09491726847382703
0.8543525648522587,0.5360355682420137
-0.4819616284512832,-0.025162817846950236
-0.4185939912609687,-0.15483104505671838
0.47017168276284665,-0.2644607186777623
0.4467959416476594,0.22347751988223025
-0.09246993893795508,-0.5820891304185015
0.4643615047815584,-0.08375187504588963
-0.45636377155193547,-0.28691963153203737
-1.0540206662616067,0.24405786914914673
-0.4753559237372732,-0.13321856241953461
0.9105412394261795,-0.607716065445
0.2066468984444991,-0.4244538309131698
0.4607098179946967,-0.011846725540374617
0.45422040399946306,-0.8759192629050613
-0.20635977282106072,-0.43753220514274244
-0.8494554081635474,-0.57573776258592
-0.055045317228956045,-0.48546867089460605
-0.3811550895807388,-0.8795641147005512
-0.27470474946441487,-1.0385491053355664
0.8522520576647977,0.37741635244683264
0.9255063861009912,0.02011493730162356
0.1341762231711885,0.4688425830409478
-0.39748490132899694,-0.33733735953974353
0.937054875646284,0.34871712716901854
0.7558486018171621,0.7493268398071651
0.4817485371070323,-0.06671993990536029
0.10172939603160552,-0.5033315133621732
0.938323784369522,-0.07705086509539727
0.30047936203114173,-0.26172102234397104
0.2842020636346341,-1.0272121377712602
-0.12466960262572398,-0.5148568340152315
-0.36337715876955956,-0.29378028418564445
-0.4991536758046441,0.309546383561363
-0.021674061375345152,1.0654411039815261
-0.5246350418541534,-0.8198610079085134
-0.3475863528957911,-0.28748994727608074
-0.18475910572659537,-0.9962100074827205
-0.42971580023648576,0.8147311512627735
0.05070009039793385,-0.5329820226534618
-0.7758831429807738,-0.4448998094716536
-0.324761696503592,0.3928396760745772
-1.067002805176251,-0.07619783626865721
-0.7248908380820289,0.6592159948746481
-0.19291823283032605,0.45846500107970606
0.26718852697929,0.9817958391304681
-0.32788959885538177,0.26656192155594866
-0.41600316847233093,0.8446337979176711
0.2572156044148975,0.3660223952868235
-1.0405375017646543,-0.04263184304700387
0.3140237044668896,-0.4345830037369125
-0.3923942839840492,0.3096533158999481
0.860326855260741,-0.4088299687349594
0.44491037702297204,0.8669735590401992
-0.9493491792879556,-0.2811017968029641
-0.940805652806233,-0.35172448680934165
0.3165530715640357,-0.32136797906453085
-0.8317548392644414,0.6296010982500962
-0.3117130362907614,-0.4509251928023129
-0.44778257009397576,0.8501552171363534
0.35066730771985893,-0.9989315453280749
0.5967313563118346,-0.01132068081113706
-0.48409592263626655,0.8594285387493517
-0.08528822341800507,-0.5197679404751945
-0.7812538809597971,-0.6876130358264748
-0.008173896167991967,-0.5145371409824916
1.0061460749421203,-0.26749294310400684
-0.5842711351536353,0.12985528438028418
0.7788550573414643,-0.614776537271192
-0.5641732919544147,0.10106444565997748
-0.15926468037459568,0.5493625801390858
0.5092610253774164,-0.016770582669581677
0.09338477848344812,0.3967595449521264
-0.1519571218859255,-0.4338859874792383
-0.6517483976328678,0.6983034801094059
-0.5869833109233227,-0.7702414414226968
0.48628662705989895,-0.04068267986748668
0.2285612836089673,-0.40548131947280364
-0.5159168667891887,0.024382348333298096
0.15851217476018586,-0.4199835761748011
0.47647710556612977,-0.9047694283479923
0.07901297971702902,0.5451729523595271
-0.23618792998664945,0.41086286680144857
-0.43371429062019384,0.031155863401242923
0.9023160167895291,-0.47782042684708853
-0.21755635709377,0.4329417721777719
-0.6307371926953955,-0.8201736872717904
-0.43853362510217403,-0.10687277695503228
0.39266375316258056,-0.36013424680658546
0.055048700511984835,0.43762447204024113
-0.872641595977744,-0.5011999939717626
0.9202381003849981,0.36904365607074313
0.059154597183897095,0.48312836647542573
-0.19127071236232898,-0.4582889146779291
-0.27870635431326607,-0.39629716853875335
-0.4777469091391823,-0.06704479434358662
-0.9448199215599052,0.4539784125120472
1.00880912306246,-0.38611808501066247
0.19904416867688746,-0.9706768146104183
0.419725501170326,0.1615420798051784
-0.48065694736846465,0.06967174894582889
0.7951693662749814,0.7323844419730139
0.30767216713803397,0.3911369574454022
0.9631804368435498,0.38339580239269805
1.041247015460185,-0.08494586298476886
0.34410220162542354,0.3206360508823414
0.39474962979825856,-0.23247689885212786
0.4283168336226992,0.13158478494762688
0.6656497270256186,0.7758603460431657
0.5811630723935939,-0.7886297708514154
0.2901683075555835,-0.3679336577801977
-0.5094362086160759,0.18526428872046402
0.7431275843832463,0.7439655447051594
0.5158377534617128,-0.29567080803016427
-0.7786003135406716,-0.4658266402096596
-0.9906197877204057,0.21633508567750032
0.9551034736685704,-0.21925481557060772
0.3713739650928971,-0.9545258387801373
0.12929778016122342,0.5317611419403607
-0.4258406108251474,0.1624891372991408
0.14444369709415186,0.45377045667635774
0.20376061501059056,0.3743573768408107
0.9731845524316833,0.16821607592850563
0.2514668104021561,1.0193362744573264
0.2985737750011236,-0.40290301600325773
0.1900497945780889,-0.40980616054595953
-0.4501382159670474,0.1369669546473386
0.2046160116316738,0.4099960454757853
0.7321901806936261,0.588983396363321
-0.41002904689033187,-0.3389930666937747
-0.6029376802325376,-0.12234903269250967
-1.064927490953087,-0.07356045197943463
-0.4353081746732077,0.18249255020839492
-0.2750682880161167,0.5147305398516338
0.13475794039796435,0.9283427297325696
-0.4628569434583883,0.18441194167402672
0.08438227254547404,1.032017301734865
-0.5676602688192041,0.08286784221124016
0.9627792964256723,0.18888371541199953
0.45552150863155133,-0.15682691891146847
0.5775642842809003,-0.8308988430970315
-0.9815528257589298,0.11068363764427219
0.7585422727892727,0.5356522018613756
0.3815703930827044,-0.3130018832435401
0.9498973390381216,0.546301601812885
-0.22514356332327268,-0.4366142644478072
-0.780469443504094,0.6841593012350888
-0.5475591086054994,0.9056953273467885
-0.6079133387463775,0.7209932270334116
0.44519735195573534,0.09150415884210716
0.737944685457868,-0.688426162905617
-0.4582512157160902,-0.8484597110543064
-0.8908321151111278,0.5264596555512886
-0.0974823655013102,-0.4360214917008903
-1.034031037910653,-0.19865207142879393
-0.3616971975255427,0.3790774305843933
0.3396237890595261,-0.3731883109189404
0.5193491360607324,0.01347638787945904
0.18403088711304774,-0.442579500139295
0.7958073578702012,-0.6443143494458843
0.20161581587268476,-1.044377495370391
-0.002119084392612075,0.5026446318342146
-0.9749193672925838,-0.18949497428772763
-0.4270815732553072,0.844298179688298
0.5550597603125289,0.8326963801622371
0.8835694811573926,0.6660989752390623
0.4178494745296513,0.08848710554075645
-0.09474212750473066,-0.36557862777215344
0.27236250364614445,-0.4035155011549471
-0.4666165294778093,-0.04601631022447688
-0.5052118815534676,-0.8032164910103713
-0.6393689320896724,-0.8055063023030046
0.6146627819423143,-0.816634553619685
0.1402974072066074,0.5444349884986546
1.0140704030211913,0.21311277510409882
0.9055979088640049,0.18830959713137402
0.5637460086729175,-0.04141282653326755
0.3558629348424363,-0.8673194374417209
-0.024863964094432978,-0.9861053559060429
0.1411771684294911,-1.0102365031054854
0.6834950433355883,0.6165236664910791
0.037727916016312264,-0.5577290782291996
-0.3621203842810176,-0.38315954980756556
-0.4994350919628805,-0.1663002990309525
0.5262907555766297,0.19948972372351745
0.9775702266648152,0.3728637137460373
-0.9586531759107015,-0.13372998129531338
-0.4171249178127216,0.2212093368135554
-0.49285555416629956,0.016561916439753688
-0.1443692425162709,0.3732519266612023
0.08456459645009132,0.9639849416167128
-0.033506540118448926,0.5500190778288144
0.02374139604699599,0.4800971833467
-0.6620307561843458,-0.7559089647466458
0.37659714376463793,-0.866876240013296
-0.4274923726782661,0.8548637374047255
-0.5323049965583836,-0.030219974917594122
-0.459527495430138,-0.1261649639945755
0.4445204654887073,0.8018236543866869
0.47713560259299737,-0.279496634827629
-0.9831037661958681,0.20308802431020329
0.14405648169494,1.0738296520146564
-0.5465752335398416,0.03895154570973114
0.6875309494629983,0.7004642696593265
-0.5501931002088475,-0.0073842142098294455
0.12544796979486011,-0.45725865153713674
-0.5656631665271257,-0.8353117990843659
0.5663678937506974,0.8339495572730994
0.511095292320036,-0.8397018615115555
0.028609575825131656,-0.5388354999942256
0.3545714733863129,0.37977192374208957
-0.8528328944326016,-0.4178632322005066
0.17645456937258988,-0.9895162313556248
0.45543223967434254,0.0583993850218304
-0.07262851636173738,-0.4450511599538087
-0.25762008949943865,0.9025315454780803
0.9798440837958424,0.040845476457820766
-0.94849406453635,0.23263673361874948
0.29408849975483753,0.45220284307853126
-0.23525953549390308,-0.9144808910635802
-0.6877966308663163,0.6507548822936623
-0.2537023720689158,0.9244066527826889
-0.03951615797720094,-0.41767357815175005
0.10667310065584128,0.5205904106814692
0.4593042939488776,0.18157179722309957
0.3676275189811764,0.8307655777329782
0.45274264133723346,-0.18376606978889506
0.4512671644912124,-0.10996287380844104
-0.7420493771214239,0.5986627284860992
-0.09717347435767523,0.4638789707369093
0.4623553208486891,-0.19272447548056537
0.07568004646208062,-0.4329461376220223
0.5914694247997896,0.751909928311642
0.39984069755533436,0.28035734258027745
-0.27992443332128364,0.40746463798684673
0.36815148055847885,-0.37830107021457815
0.17958131180482073,-0.47784733081067376
-0.3312868238993143,-0.4126486505115554
-0.342801495928948,-0.3754857027332841
-0.5544954682841319,0.03773521161529107
-1.0246555342385033,0.32312919924592653
-0.43444811177443704,0.25516420698538583
-1.0419960181774313,0.18530115228520416
-0.9554681159145622,-0.1892074633778443
-0.37663800269037323,0.26960594698637264
0.7878595180914405,0.5781638680053196
-0.4322418964453762,0.34915244516349764
-0.2826656416694862,-0.3910590448256205
0.6625244637281066,0.7911376954154998
0.8788842033417271,-0.5476182666440454
0.08778979179257206,-0.508282570482316
-0.2613590868688646,0.9675173577587486
0.7990984667381996,0.5102951951160157
0.48593852296521645,-0.10796111049729057
0.28641845973358,0.37417682435597377
0.5570549927164337,0.06315230988523682
-0.03206175312196239,-0.49622340304875434
-0.4741200042312719,-0.24186401789896117
-0.550024067203134,0.9357816970724053
-0.7729365788601003,-0.5399492867398208
0.6071415550192863,0.7893866292316789
0.10917659538742415,-0.512627078201206
0.434105369044682,-0.3710704118564352
-0.02339024270092742,1.0231586072224634
0.7860511177025296,-0.6573519882910189
0.3657750675969793,0.22604069150742528
-0.9739725472828844,0.07064561086463497
0.42568485472312706,0.281403652032453
-0.5020721276097677,-0.7876864509125465
0.5328069741772384,-0.07445353928832327
0.44857995800063555,0.9306511558424453
0.27350899174825827,0.9471488732603047
0.16274078048170834,0.9747484989313107
-0.3025627340147602,0.23496279152427801
-0.3976242156068809,-0.3644750598714096
-0.4007089193773383,-0.40360497213051094
-1.0289493395627232,0.1809269989940145
0.4219241061517427,-0.23773251343086627
-0.310095400938779,0.41741478785656716
0.36197694869453695,-0.3106768872876427
0.2938912162339471,-0.38299125487010766
-0.7720234410623302,-0.5523342879345995
0.3385513318210041,0.9030314675679691
0.9716632124446846,0.2162204141200642
0.940415973138224,-0.25154663111431064
-0.5429390362907867,0.7776806644745583
-0.43548611286808386,0.05647011794568722
0.31679613861475137,-0.3852581765155141
-0.6834666711087304,-0.781603064960855
0.48120703216592375,-0.8835393687610474
-0.9280035854552204,0.13497814311628165
1.0076633744104535,0.03788433849774143
-0.16929867531778317,0.4659104947604408
-0.869830891197785,-0.5271267216004794
0.2918585754345131,0.4669140474544543
0.43520139162778965,-0.06893967169063953
-1.0485913778395872,0.0333466486074682
-0.5404934187760463,-0.09156948390812227
-0.8824127299689161,-0.4813957168450262
-0.6350573595170941,-0.7226178431063527
0.5909370395157411,-0.738711025106448
0.5226940801600505,-0.18753029242356434
-0.0003320083471851122,-1.055063909057938
0.24549044946909668,-0.4746720333188438
0.42298339072963254,-0.30670073599603204
-0.39819322373690436,0.24123672706570673
-1.0007633563726217,0.08527492248068999
0.1834247244504863,1.0283253912210113
0.13521964126533606,-0.9719020330581132
0.7208484036797579,0.615593171240232
-0.4115241991582348,0.36283378953991324
-0.4718829163039639,-0.036359329286247175
-0.022009338015613104,1.020134407276114
0.08682494645739097,-1.0560100289771772
-0.8328494426758413,0.5679352157680998
0.7152374892978378,0.7172127291394919
0.42803912258223764,0.2076376641618158
0.4418485571187958,0.19781956745978055
-0.4749392287898342,0.16982644599727792
0.6066424423896013,-0.0754145353803701
0.4721691370735842,-0.9838261902048454
-0.36811103468240336,0.9641162196106243
0.18917166740456667,0.39928254700089444
-0.21742351876649274,0.4054828539010804
1.0346071452385823,0.009640663099408503
0.08594424766386768,0.5428844483323048
1.0703630095284034,-0.21977173440245137
0.9065440902838686,0.4066282341510372
0.9083136132628749,0.16935614402132196
0.9967653163498156,0.031080447108481374
0.6818506097422024,0.7866812200028922
-0.1475922746441145,-0.4156660881812093
-0.3643444778105793,-0.4528163405105763
-0.6837104585984098,0.7214349681506939
0.18359147534906528,0.44302626918009436
-0.5171198758218885,0.2633107385958746
0.26612948080029986,0.4127481636633511
0.10627662586662633,0.9554556848084683
0.4316171094028167,0.9048885277074862
-0.966755946357044,-0.09861172236266944
-1.0732464942350173,0.1951955051104434
0.8637895796443719,0.4942186298745191
-0.21851256272075936,-0.35264196316056473
0.9231665012049892,0.5646908268527877
-0.5287011565632374,0.7799827702845148
-0.3257512430384947,0.35411153340774826
-0.9517286320119995,0.42066398863408516
-0.8898437771634007,-0.4156963117235433
-0.15269953504581066,0.42315941563983717
0.06082931133880582,-0.9959109393084539
0.012185268067062396,0.553143393731391
0.11633672969573532,0.4329677190064893
0.6863819385497976,-0.6816526680195018
-0.9138253779939032,0.41265064758558223
-0.0002035936312619717,-0.9967183283374911
-0.9581228242285585,0.09173990456649207
-0.3459805732197705,-0.4176148276512842
-0.38114539770731815,-0.25708956574816394
0.32932362182137176,0.3885251000116889
-1.0089631772494083,0.1525604479643894
0.8954879359210999,0.2565903053406703
0.06691497053700474,-0.5326195387070907
0.44693066789278946,-0.2629614518336141
-0.21060916446435918,0.4235307981756326
0.9407097333317558,0.03185810450259937
0.4197479259436746,-0.2617368445852569
-0.13313764459553226,-0.423995019077428
0.48798179315759604,-0.1327143446139485
0.37456349663500943,0.2996141804915087
-0.9573213857719235,-0.17006397259674294
0.5109012017543243,-0.9367444930421579
-0.9493789240417503,0.2638315365298061
-0.7253948555318506,-0.5954490665940039
-0.6814573453331375,0.7234206502423459
0.3927297566373901,-0.07752317114729354
-0.4688251821498852,-0.05455606112611805
-0.7346896275422451,-0.7130348347717064
-0.2949657613700254,1.0123294072490783
-0.9136031285981823,0.19966274134539932
-0.9147232794636733,-0.28036938259530325
0.24118468536976376,-0.4753295500544134
-0.1378455987824537,0.4687182145271763
0.6358214894586766,-0.6865249846124483
-1.0065594834836293,-0.11395111094272137
0.440482273392114,0.023812280495271315
0.47064513952276893,0.1145269696122686
0.02691987644588757,0.44621518665201093
-0.01897424392383379,-0.9783021067386696
-0.062417031207174595,-0.43390550575076087
0.9923800836682085,-0.3053537857917118
0.376881027802424,-0.9147130266199326
-0.5600486552654428,-0.16005129774049115
-0.4921705573813613,-0.9550837421581825
-0.4798634215337879,0.20034150040200674
-0.4733789386202337,-0.17601625993785341
-0.9477903292304322,0.4503022250940601
0.5186246448184105,-0.35340262119613397
0.029582605419355187,0.42532783890266357
0.3644427918765897,0.8755529306532314
0.3375931593579556,-0.25958470364349556
0.854052247011164,0.5632579864096691
0.38654090585182177,-0.3681100846372699
0.20762341259831518,0.48978067313508794
0.3477651945280558,0.41669028783115797
0.6002605189605132,-0.7740853178407747
-0.5848198259356102,-0.163134690515026
0.49001835284793577,0.9246467393613187
0.9738470523276489,0.20643448177068782
0.5251874165943802,-0.11669565616689481
0.7472215194221163,-0.6109740354028841
0.9670643886470237,-0.18048659126549435
0.16666381750925457,-0.9965552736200654
-0.28729350111075463,0.8764311387902753
-0.4459830245151203,0.2537124026920106
-0.4919277963115058,-0.2706549244260434
-0.8130438262384243,-0.6868371355311776
-0.47278196021963587,0.15745024862880894
1.046916505038772,0.3265945584469375
-0.3256333807771905,-0.3290936559007359
0.5007658699590425,0.1653708533666802
0.9034517858906256,-0.3996012508626814
-0.7962278322991209,0.5539007635936017
0.555876884968128,0.09120355639148595
0.9390045173221399,0.4520977192606452
0.09414953312136051,-0.4990834252725959
0.8876252284911103,0.2832799471440156
0.350801265718043,-0.2438334235544143
0.004613953367059553,-0.4335057172040485
0.04898404338541419,1.108384230251872
0.9870680873320964,-0.12740265769976136
-0.2472120654114107,0.9651378589502468
-0.46105763867003485,0.8565485527375056
-0.1024970313061909,0.40489433200074704
-0.20676419104683952,-0.4252406112942676
0.8191937196130646,-0.4348519709666857
0.7044596104305724,0.7788559992303512
0.22483598897685736,1.009684228327208
-0.5100658839103743,0.13573005156268306
-0.5637816774022278,0.10731034469902137
-0.3895795409626205,0.23210870447997223
-0.44034191388282606,-0.20656999041605179
0.464307863912707,-0.3146811361690212
-0.39390820896499923,0.34834914388127386
0.5258293933058259,0.08412608562059792
0.008654732652645464,1.0319159447266861
-0.9550344520861838,-0.4035454785341627
0.027042538340374775,0.4634931994430325
-0.03974353862979619,1.0475965229471258
0.1418116603171133,-0.48635175486110743
-0.9647894292846956,-0.440842153749794
0.05035971687883945,-0.4678334449123734
0.946672621555697,0.13212384297542112
-0.5226210400375927,-0.19063689521906513
-0.24126767551366485,-1.0678370263105899
-0.4406614499538308,-0.9060463834867097
0.06088884099272075,-0.45620883882285784
-0.9493231612381511,0.30874115274346925
-0.21601096323992983,-0.816060989859961
-0.1052449803230191,1.057664899222391
-0.08610116324114299,-0.4452079495967747
-0.209619494931878,1.0273646054190912
0.23767043846249253,0.33057808130986394
-0.6866674938137158,-0.7780887236828141
-0.30966602855264974,-0.9746853907632805
0.20881136002376602,-0.4376012236898649
-0.1035455169037728,0.4592779544927096
-0.4625341658109773,-0.20078351903543556
-0.2775154422597646,0.9173016226331684
-0.2684342367854453,0.2509641564054431
-0.4455036836905384,0.15675967774009197
-0.777512042189241,0.5614887073241678
-0.7371870956524267,0.7809853740071969
0.468588965812274,0.9122470425949203
-0.44886930312145124,0.14424295399463938
-0.6713711182195967,0.6784010973556198
-0.09901730455490326,-0.5450732004267853
-0.24689807872433878,-0.28395144995717253
-0.7589976270284402,0.7341007346421111
0.9449538606457759,-0.3942054726891508
-0.8700132230656389,0.4213485927575036
-0.60154680834136,-0.8545326390885601
0.3855338485984932,-0.12269521821247546
-1.0607199794805138,-0.0094470364605993
0.2450686873954476,-0.8898449001141202
-0.45591834126956576,-0.29806910379733215
0.3969254271863098,-0.16061405895468756
0.02396131450565811,0.4665720637329235
-0.46012768054292963,0.7912099145220235
-0.2736541885929576,-0.3606517186842708
-0.5136963458450302,-0.7411771810611186
-0.19891014510928295,-0.9229206117558022
0.01790301161309851,-0.5301429472824838
-0.07789261199492188,-0.5794176093165911
-0.6481225383890159,-0.6868972677664704
0.640692832123572,-0.6429074772377514
0.21680939634317417,-0.9894226773205207
-0.0008506415497215869,0.5097936747298515
-0.021056192564625542,0.5228005477227857
0.3831260692847038,-0.35934556931387157
-0.21990089150182168,-0.4654177608791436
-0.5194638827812548,0.8065035450580675
-0.8671856353846017,-0.3651911979539036
0.3541577055297349,0.38372952508709757
-0.9949720821187636,0.13903501356007636
0.06234649202558844,-0.45058395188610695
0.37881019446305736,0.9056801656531175
0.03469646210660747,-0.5139539955658711
-0.5752790941405587,-0.10135202329051322
0.5009741626061992,0.11305965264296888
0.4761857259771831,0.2898125008539342
-0.39133996744568034,0.419997445620001
-0.2898838061464802,0.38432623127594273
0.7751610183468535,-0.5887550614159541
-0.44273147015569664,-0.35419800416379005
0.4726197613391915,0.20879352452772731
-0.5312681329469562,0.013979298096493932
0.5420607779906553,0.0645680998212442
-0.30107756005920305,-0.34046914817718793
0.2684483832315598,-0.27589661293328543
0.17102529893380403,0.9591375155838289
-0.8681331616459933,-0.42294760235156575
0.805854345847899,-0.378963025887152
0.42912878305850594,-0.29664193677103734
0.09972980470626891,0.9620874208235527
-0.4490620544671029,-0.8597643929646085
-0.21178863865130199,-0.4981852020753837
-0.17864017892234343,-0.4403325671471704
-0.18800651479298125,1.0073132287271067
-0.8978642209632812,0.4635027138135176
-0.7621737798498361,0.5216130241433151
-0.46182806274413873,-0.9410870741013684
0.9309327749568108,0.16945348077108696
0.504297565784998,-0.21856696360089517
-0.39209717712148506,0.3539699001940751
-1.0387849951714907,-0.29242658413084227
-0.4506555848924926,-0.8895779421177729
-0.4654135551120193,0.1819465218970799
0.17968769717681982,-0.8898495596289171
-0.26875431822317936,-0.4292048551235803
0.9362394842195101,-0.1857946795219038
0.553559714262388,0.7671892006873857
0.7102206699773924,-0.7477876314507801
0.07303878974793711,0.9613824443608714
0.8605224662766624,-0.5113676866464573
0.9779031062804084,-0.24101464372720927
-0.9444772185748395,0.38294206503273714
-0.12071927832507723,0.5484965719314522
-0.29831440916458424,-0.2775799551030517
-0.43067495192209404,0.2917700615676311
0.2892647061801212,0.42531282213298394
1.02658818151031,0.24895102873004332
-0.14054243272174174,0.9577079335304092
1.0261412105791152,-0.07651810344811051
-0.7214890747668562,0.6685316823283245
0.14701550849030293,-0.48299242042057
0.9357104867681079,-0.12356988311646525
-0.5947035514950062,0.8576754856841132
-0.33961940653662964,-0.33586167935875355
0.02821553939637668,-0.5549847521259731
0.9472371321771461,0.26827242509460403
0.06563990326084597,0.553724893172385
